id,review_id,content,modified_at
1,1,"Постоянно мерцает экран, что вызывает дискомфорт при использовании.","2023-05-03 13:31:32.186799 MSK"
2,2,"Конструкция монитора позволяет эффективно отводить тепло, что обеспечивает стабильную работу в любых условиях.","2023-05-03 13:32:32.186799 MSK"
3,3,"Удобная настройка высоты и угла наклона монитора — важно для комфортной работы.","2023-05-03 13:33:32.186799 MSK"
4,4,"Отсутствие мерцания и искажения изображения делает этот монитор идеальным для игр и работы.","2023-05-03 13:34:32.186799 MSK"
5,5,"Подставка монитора оказалась неустойчивой — требуется дополнительная поддержка для предотвращения падения.","2023-05-03 13:35:32.186799 MSK"
6,6,"При подключении к монитору возникают проблемы с драйверами — необходимо тратить время на устранение неисправностей.","2023-05-03 13:36:32.186799 MSK"
7,7,"Качество изготовления оставляет желать лучшего — дешевые материалы и неаккуратная сборка.","2023-05-03 13:37:32.186799 MSK"
8,8,"Простота подключения и настройки — всего несколько шагов и монитор готов к использованию.","2023-05-03 13:38:32.186799 MSK"
9,9,"Слабые встроенные динамики — звук искаженный и неудовлетворительный.","2023-05-03 13:39:32.186799 MSK"
10,10,"Качество изображения на этом мониторе просто потрясающее!","2023-05-03 13:40:32.186799 MSK"
11,11,"Меню настроек монитора неудобное и запутанное — сложно разобраться без инструкции.","2023-05-03 13:41:32.186799 MSK"
12,12,"Превосходное соотношение цена/качество — монитор полностью оправдал свою стоимость.","2023-05-03 13:42:32.186799 MSK"
13,13,"Экран чувствителен к отпечаткам пальцев и праху, постоянно приходится чистить.","2023-05-03 13:43:32.186799 MSK"
14,14,"Долгий срок службы и надежная конструкция делают этот монитор отличным выбором для дома и офиса.","2023-05-03 13:44:32.186799 MSK"
15,15,"Рамка вокруг экрана почти невидима — создается впечатление бесконечного пространства.","2023-05-03 13:45:32.186799 MSK"
16,1,"Плохая устойчивость к внешним воздействиям — царапается и повреждается даже при аккуратной эксплуатации.","2023-05-03 13:31:33.186799 MSK"
17,2,"Неудобная раскладка портов на задней панели — приходится высовываться и мучиться с подключением кабелей.","2023-05-03 13:32:33.186799 MSK"
18,3,"Эргономичный дизайн монитора способствует уменьшению усталости глаз при длительном просмотре.","2023-05-03 13:33:33.186799 MSK"
19,4,"Монитор оказался на удивление легким и компактным — удобно переносить.","2023-05-03 13:34:33.186799 MSK"
20,5,"Монитор имеет множество портов для подключения различной периферии — удобно и практично.","2023-05-03 13:35:33.186799 MSK"
21,6,"При переходе на новый режим работы монитор долго переключается, что вызывает задержку и неудобство.","2023-05-03 13:36:33.186799 MSK"
22,7,"Постоянные зависания и сбои в работе монитора вызывают раздражение и неприятные ситуации.","2023-05-03 13:37:33.186799 MSK"
23,8,"Наличие встроенных динамиков позволяет наслаждаться качественным звуком без дополнительных устройств.","2023-05-03 13:38:33.186799 MSK"
24,9,"Интуитивно понятное меню настроек позволяет быстро настроить монитор по своему вкусу.","2023-05-03 13:39:33.186799 MSK"
25,10,"Энергосберегающий режим помогает сэкономить электроэнергию при простое монитора.","2023-05-03 13:40:33.186799 MSK"
26,11,"Низкое разрешение экрана не позволяет наслаждаться высококачественным изображением и деталями.","2023-05-03 13:41:33.186799 MSK"
27,12,"Разъемы для подключения кабелей расположены неудобно — трудно добраться при желании поменять кабель.","2023-05-03 13:42:33.186799 MSK"
28,13,"Неприятный запах пластика при первом включении монитора — требуется продолжительная вытяжка.","2023-05-03 13:43:33.186799 MSK"
29,14,"Цветопередача на этом мониторе идеальна, все оттенки воспроизводятся точно.","2023-05-03 13:44:33.186799 MSK"
30,15,"Монитор греется слишком сильно при длительном использовании, что вызывает беспокойство о его надежности.","2023-05-03 13:45:33.186799 MSK"
31,16,"Встроенные динамики звучат точно и насыщенно, отлично подходят для просмотра фильмов и слушания музыки.","2023-05-03 13:46:33.186799 MSK"
32,17,"Дизайн умопомрачительный, моноблок стал настоящим украшением моего рабочего места.","2023-05-03 13:47:33.186799 MSK"
33,18,"Прекрасное сочетание производительности и стильного дизайна делает этот моноблок лучшим в своем сегменте.","2023-05-03 13:48:33.186799 MSK"
34,19,"Яркий и насыщенный цветопередача на экране делает просмотр фотографий и видео незабываемым.","2023-05-03 13:49:33.186799 MSK"
35,20,"Громоздкий блок питания, который занимает слишком много места на столе.","2023-05-03 13:50:33.186799 MSK"
36,21,"Недостаточное уровень гарантии и непрофессиональная поддержка со стороны производителя в случае возникновения проблем.","2023-05-03 13:51:33.186799 MSK"
37,22,"Стильный и интуитивно понятный интерфейс операционной системы делает использование моноблока максимально комфортным.","2023-05-03 13:52:33.186799 MSK"
38,23,"Великолепное качество изготовления и элегантный дизайн — моноблок выглядит привлекательно и надежно.","2023-05-03 13:53:33.186799 MSK"
39,24,"Моноблок компактный и занимает минимум места, идеально подходит для маленьких рабочих пространств.","2023-05-03 13:54:33.186799 MSK"
40,25,"Определенные модели моноблоков имеют проблемы с соединением Wi-Fi, что влияет на скорость работы онлайн-приложений.","2023-05-03 13:55:33.186799 MSK"
41,26,"Разъемы и порты расположены неудобно, это затрудняет доступ к ним при подключении дополнительных устройств.","2023-05-03 13:56:33.186799 MSK"
42,27,"Экран имеет ограниченный угол обзора, что затрудняет комфортное просмотр видео и изображений.","2023-05-03 13:57:33.186799 MSK"
43,28,"Звук из встроенных динамиков низкого качества — необходимо использовать внешние акустические системы.","2023-05-03 13:58:33.186799 MSK"
44,29,"Огромное пространство на жестком диске позволяет сохранить множество файлов и документов без проблем.","2023-05-03 13:59:33.186799 MSK"
45,30,"Этот моноблок — настоящая находка! Мощный процессор и прекрасный дисплей.","2023-05-03 14:00:33.186799 MSK"
46,16,"Отличное охлаждение и эффективность работы — моноблок не перегревается даже при значительных нагрузках.","2023-05-03 13:31:33.286799 MSK"
47,17,"Яркий и четкий дисплей с высоким разрешением — настоящее удовольствие работать и развлекаться.","2023-05-03 13:32:33.286799 MSK"
48,18,"Система охлаждения работает шумно и мешает сосредоточиться на работе.","2023-05-03 13:33:33.286799 MSK"
49,19,"Простота настройки и изящество формы делают этот моноблок настоящим лидером в своем классе.","2023-05-03 13:34:33.286799 MSK"
50,20,"Навязчивая реклама и предустановленные программы, которые затрудняют работу и могут быть удалены только с трудом.","2023-05-03 13:35:33.286799 MSK"
51,21,"Проблемы с работой тачскрина, который иногда не реагирует на касания или реагирует с задержкой.","2023-05-03 13:36:33.286799 MSK"
52,22,"Бесшумная работа и малый уровень вибрации помогают сосредоточиться на задачах без отвлекающих факторов.","2023-05-03 13:37:33.286799 MSK"
53,23,"Экран моноблока склонен к появлению битых пикселей, что ухудшает общее впечатление от его использования.","2023-05-03 13:38:33.286799 MSK"
54,24,"При моноблоке появились проблемы со скоростью работы — периодически тормозит и подвисает.","2023-05-03 13:39:33.286799 MSK"
55,25,"Недостаточное количество USB-портов и других разъемов, что мешает подключению всех необходимых устройств.","2023-05-03 13:40:33.286799 MSK"
56,26,"Многофункциональность и удобство работы заставляют меня считать этот моноблок лучшим в своем классе.","2023-05-03 13:41:33.286799 MSK"
57,27,"Конструкция моноблока неудобна для обновления компонентов, что усложняет апгрейд системы.","2023-05-03 13:42:33.286799 MSK"
58,28,"Качество материалов корпуса оставляет желать лучшего — моноблок склонен к царапинам и повреждениям.","2023-05-03 13:43:33.286799 MSK"
59,29,"Благодаря SSD накопителю включение и загрузка программ происходят моментально.","2023-05-03 13:44:32.186799 MSK"
60,30,"Проблемы с нагревом — моноблок периодически становится горячим и шумным.","2023-05-03 13:45:32.186799 MSK"
